{
 "mdsDat": {
 "x": [ -0.0328098, -0.05213695, -0.1503309, -0.1920753, 0.4273529 ],
"y": [ 0.2595364, 0.2579576, -0.1442275, -0.2579785, -0.115288 ],
"topics": [ 1, 2, 3, 4, 5 ],
"Freq": [ 28.50638,  26.2549, 25.37618, 11.98744, 7.875105 ],
"cluster": [        1,        1,        1,        1,        1 ] 
},
"tinfo": {
 "Term": [ "comic", "book", "strip", "stori", "fictiti", "work", "investig", "bear", "murder", "seattl", "comic", "book", "strip", "graphic", "novel", "humor", "york", "relat", "histori", "washington", "school", "cook", "friendship", "behavior", "franc", "sister", "dog", "travel", "custom", "time", "fictiti", "mysteri", "anim", "war", "stori", "state", "unit", "american", "women", "detect", "life", "magic" ],
"logprob": [        5,        4,        3,        2,        1,  -3.8554,  -4.2231,  -4.3409,  -4.4054,  -4.4744,  -1.4303,  -1.5434,  -1.6342,   -2.938,  -2.9719,  -3.2371,  -3.8628,  -4.2257,   -3.443,  -4.4334,  -2.4847,  -2.9878,  -2.3957,  -3.9433,  -4.0486,  -2.5744,  -2.7414,  -2.7879,  -3.3476,  -3.5299,  -2.3344,  -3.3523,  -3.3523,  -4.0294,  -2.2447,  -2.5916,  -2.9379,  -3.3348,  -3.1549,  -3.2013,  -2.1951,  -2.6153 ],
"loglift": [        5,        4,        3,        2,        1,    1.255,    1.255,    1.255,    1.255,    1.255,   1.3373,   1.3373,   1.3373,   1.3373,   1.3373,   1.3714,   1.3714,   1.3714,   1.3714,   1.3714,   2.1213,   2.1213,   2.1213,   2.1213,   2.1213,   2.5415,   2.5415,   2.5415,   2.5415,   2.5415,    1.255,    1.255,    1.255,   1.2481,   1.3714,   1.3713,   1.3714,   1.3713,   2.1212,   2.1213,   2.5413,   2.5398 ],
"Freq": [      270,      241,      220,      115,      119, 26.02268,  18.0157, 16.01396, 15.01308, 14.01221, 270.9192, 241.9279, 220.9341, 59.98212, 57.98271,  42.9871,  22.9931,  15.9952,  34.9895,  12.9961, 43.09495, 26.05741, 47.10378, 10.02208, 9.019873,  25.8823,  21.9004, 20.90493, 11.94567, 9.954729, 119.1027, 43.03751,  43.0375, 21.86716, 115.9652, 81.97361,  57.9826, 38.98731, 22.04669, 21.04637, 37.81997, 24.84501 ],
"Total": [      270,      241,      220,      115,      119, 26.02268,  18.0157, 16.01396, 15.01308, 14.01221, 270.9192, 241.9279, 220.9341, 59.98212, 57.98271,  42.9871,  22.9931,  15.9952,  34.9895,  12.9961, 43.09495, 26.05741, 47.10378, 10.02208, 9.019873,  25.8823,  21.9004, 20.90493, 11.94567, 9.954729, 119.1038, 43.03751, 43.03751, 22.01901, 115.9652, 81.97541,  57.9826, 38.98831, 22.04858, 21.04637,   37.828, 24.88705 ],
"Category": [ "Default", "Default", "Default", "Default", "Default", "Topic1", "Topic1", "Topic1", "Topic1", "Topic1", "Topic2", "Topic2", "Topic2", "Topic2", "Topic2", "Topic3", "Topic3", "Topic3", "Topic3", "Topic3", "Topic4", "Topic4", "Topic4", "Topic4", "Topic4", "Topic5", "Topic5", "Topic5", "Topic5", "Topic5", "Topic1", "Topic1", "Topic1", "Topic1", "Topic3", "Topic3", "Topic3", "Topic3", "Topic4", "Topic4", "Topic5", "Topic5" ] 
},
"token.table": {
 "Term": [ "american", "anim", "bear", "behavior", "book", "comic", "cook", "custom", "detect", "dog", "fictiti", "franc", "friendship", "graphic", "histori", "humor", "investig", "life", "magic", "murder", "mysteri", "novel", "relat", "school", "seattl", "sister", "state", "stori", "strip", "time", "travel", "unit", "war", "washington", "women", "work", "york" ],
"Topic": [ 3, 1, 1, 4, 2, 2, 4, 5, 4, 5, 1, 4, 4, 2, 3, 3, 1, 5, 5, 1, 1, 2, 3, 4, 1, 5, 3, 3, 2, 5, 5, 3, 1, 3, 4, 1, 3 ],
"Freq": [   1.0003, 0.9991285, 0.9991285, 0.9977967, 1.000298, 1.000298, 0.9977967, 1.004548, 0.9977967, 1.004548, 0.9991285, 0.9977967, 0.9977967, 1.000298,   1.0003,   1.0003, 0.9991285, 1.004547, 1.004539, 0.9991285, 0.9991285, 1.000298,   1.0003, 0.9977967, 0.9991285, 1.004548,   1.0003,   1.0003, 1.000298, 1.004548, 1.004548,   1.0003, 0.9991366,   1.0003, 0.9977968, 0.9991285,   1.0003 ] 
},
"R":        5,
"lambda.step":      0.1,
"plot.opts": {
 "xlab": "PC1",
"ylab": "PC2" 
},
"topic.order": [ 3, 2, 1, 4, 5 ] 
}